label,sentences,class
s1,আমি খাবার কোথাও খুঁজে পাচ্ছি না।,Dementia
s2,আমি কি খেয়েছি মনে করতে পারছি না।,Dementia
s3,কোথায় খাবারটা রাখা হয়েছে মনে নেই।,Dementia
s4,আজকের রান্নাটা মজাদার হয়েছে।,Dementia
s5,পানির গ্লাসটা একটু এগিয়ে দাও।,Dementia
s6,আমার ইলিশ মাছ অনেক পছন্দ।,Dementia
s7,মুরগির ডিমটা সিদ্ধ করে আনো।,Dementia
s8,আমার রুটি দিয়ে হাঁসের মাংস খেতে ইচ্ছা করছে।,Dementia
s9,খাওয়ার পর একটু হাটাহাটি দরকার।,Dementia
s10,আমার এখন ক্ষুধা নেই।,Dementia
s11,ভাত খেতে ইচ্ছা করছে না এখন।,Dementia
s12,আমার অনেক ক্ষুধা লেগেছে।,Dementia
s13,আমি হাঁসের ডিমটা বেশি খাই।,Dementia
s14,সবাই আসো একসাথে খেতে বসি।,Dementia
s15,আমার প্লেটে আরেকটু ভাত দাও।,Dementia
s16,আমি আজকে মাংস কিনে এনেছি।,Dementia
s17,আমার গরুর মাংসে একটু সমস্যা আছে।,Dementia
s18,বাড়িতে তরকারি শেষ হয়ে গেছে।,Dementia
s19,ভাবছিি আজকে বিরিয়ানি রান্না করবো।,Dementia
s20,বিরিয়ানি রান্নার মসলা শেষ হয়ে গেছে।,Dementia
s21,বিরিয়ানির মসলা কিনতে হবে।,Dementia
s22,ভালো মাছ পাওয়া গেলে কিনতে হবে।,Dementia
s23,ঈদ আসলে দই এর দাম বেড়ে যাবে।,Dementia
s24,এবার করবানির ছাগলের দাম অনেক বেশি।,Dementia
s25,পেঁয়াাজের দাম একাধারে বেড়েই চলেছে।,Dementia
s26,হাটে তরকারি দাম দোকানের মতোই বেশি।,Dementia
s27,ইলিশ মাছের দাম শুনলে খাইতে ইচ্ছা করে না।,Dementia
s28,হোটেলেের মুরগি রান্না খুব একটা ভালো হয়না।,Dementia
s29,হোটেলগুলোতে খাবারের মান খুবই জঘন্য।,Dementia
s30,এই বছর বৃষ্টি কম হাওয়াই আমের ফলন কম হয়েছে।,Dementia
s31,সব ধরনের মুরগির দাম বেড়েছে।,Dementia
s32,খাঁটি দুধ পাওয়া খুবই কষ্টকর।,Dementia
s33,গ্রামের চেয়ে শহরে খাবারের দাম বেশি।,Dementia
s34,শহরে সব ধরনের জিনিস সহজে পাওয়া যায়।,Dementia
s35,রমজান মাস এলে খাবারের দাম বৃদ্ধি হয়।,Dementia
s36,এক লিটার সয়াবিন তেল কিনতে হবে।,Dementia
s37,পোলাাও এর চাল কিনতে হবে।,Dementia
s38,বাড়িতেই সবজি চাষ করা উচিত।,Dementia
s39,আটা ময়দার দাম বাড়াতে অনেক অসুবিধা হচ্ছে।,Dementia
s40,গ্রামের মা্নুষ টাটকা শাকসবজি খেতে পারে।,Dementia
s41,শহরে গ্রামের মতো জ্যান্ত মাছ পাওয়া যায় না।,Dementia
s42,ডিমের দাাম বৃদ্ধি পেয়েছে।,Dementia
s43,এখনকার ছেলেমেয়েরা সকালের নাস্তা করতে চায় না।,Dementia
s44,অনেকেই তেলেভাজা খাবার খুব পছন্দ করে।,Dementia
s45,গ্রামে খাঁটি খাবার দাবার পাওয়া যায়।,Dementia
s46,কচুশাক এনেছি রান্না করতে হবে।,Dementia
s47,সোনাালি মুরগি আমার পছন্দের।,Dementia
s48,শহরের অধিকাংশ জিনিসেই ভেজাল দেয়া।,Dementia
s49,তোমার বাবা ডাটা শাক খুব পছন্দ করেন।,Dementia
s50,ভাতের সাথে আলু ভর্তা খেতে আমার খুব ভালো লাগে।,Dementia
s51,ইলিশ মাছের পাতলা ঝোলটা সত্যিই সুস্বাদু।,Dementia
s52,সন্ধ্যায় ফুচকা খেতে মন চাচ্ছে।,Dementia
s53,বিকেলের নাস্তায় আমরা মুড়ি আর চপ খেলাম।,Dementia
s54,"দইটা বেশি টক লাগছে, আগে এমন লাগতো না মনে হয়।",Dementia
s55,বিকেলে কি খেয়েছি মনে করতে পারছি না।,Dementia
s56,"দুধ টা ঠান্ডা হয়ে গিয়েছে, আরেকবার গরম করে আনো।",Dementia
s57,আমার চায়ে চিনি দেওয়ার দরকার নেই।,Dementia
s58,ভাতের উপরে একটু ঘি দিয়ে দাও মজা লাগবে খেতে।,Dementia
s59,বিস্কুটের বক্স কোথায় থাকে জানি না।,Dementia
s60,"আগে মাংস অনেক পছন্দ করতাম, এখন ভালো লাগেনা।",Dementia
s61,সবজিটার নাম কিছুতেই মনে করতে পারছিনা।,Dementia
s62,সকালে সবার জন্য হোটেল থেকে পরোটা কিনে এনেছিলাম।,Dementia
s63,আমার মেয়ে অনেক পদের সবজি রান্না করতে পারে।,Dementia
s64,আজ দুপুরে কি রান্না হবে জানিনা আমি।,Dementia
s65,রাতে আমার জন্য একটা লেবু কেটে রেখো।,Dementia
s66,"বয়স হয়ে গিয়েছে, বেশি মিষ্টি খাওয়া ঠিক হবে না।",Dementia
s67,ছেলেকে বললাম বাইরে থেকে কিছু খাবার এনে দিতে।,Dementia
s68,"এত গরম ভাত খেতে পারবো না, আগে ঠান্ডা হোক।",Dementia
s69,আমার খাবার নিয়ে এনে দাও ক্ষুধা লেগেছে।,Dementia
s70,তোমার মা এখন মাঝেমধ্যে আমাকে খাইয়ে দেয়।,Dementia
s71,এই জামাটা পরতে আমার ভালো লাগছে না।,Dementia
s72,আজ কোন পোশাকটা পরব বুঝে উঠতে পারছি না।,Dementia
s73,আমার জন্য কেউ একটু কাপড় বের করে দাও তো।,Dementia
s74,"বাইরে অনেক গরম, হালকা কাপড় পরবো।",Dementia
s75,আমার মোজাটা কোথায় রাখা আছে খুঁজে পাচ্ছি না।,Dementia
s76,প্যান্টটা ভাঁজ করে আলমারিতে রেখে দাও।,Dementia
s77,সাদা রঙের জামাটা আমার একদমই পছন্দ না।,Dementia
s78,আমার জামাকাপড়গুলি ময়লা হয়ে গেছে ধুয়ে দিতে হবে।,Dementia
s79,আমাকে একটা নতুন জামা খুঁজে দাও তো।,Dementia
s80,"তুমি আমার সাথে বাজারে যাবে, কিছু কেনাকাটা করব।",Dementia
s81,আমার এই জামাটা পুরোনো হয়ে গিয়েছে।,Dementia
s82,কাল একটা নতুন জামা কিনতে হবে।,Dementia
s83,"আমাকে গরম কাপড়ের কিছু বের করে দাও, বাইরে বাতাস হচ্ছে।",Dementia
s84,তোমার জামাটা খুবই সুন্দর লেগেছে আমার কাছে।,Dementia
s85,"কাল কোন কাজ রেখো না, জামাকাপড় কিনতে যাব।",Dementia
s86,আমার জামাটার একপাশে ছিড়ে গেছে।,Dementia
s87,শার্টের রংটা নষ্ট হয়ে গেছে প্রায়।,Dementia
s88,মেয়েদের জামার দাম এখন অনেকটা বেশি।,Dementia
s89,অপ্রয়োজনীয় কাপড় কিনে টাকা নষ্ট করার দরকার নেই।,Dementia
s90,প্রায় এক বছর পরে নতুন স্যান্ডেল কিনলাম।,Dementia
s91,আমার জামাটা ভালোমতো ইস্ত্রি হয়নি।,Dementia
s92,এবার ঈদে আমি নতুন জামা কিনবো না।,Dementia
s93,আমার পরার জন্য অল্প জামাকাপড় যথেষ্ট।,Dementia
s94,আমাদের সময় ঢিলা প্যান্ট পড়ার চল ছিলো।,Dementia
s95,শহরের কাপড়ের দাম এতোটা বেশি তা জানা ছিল না।,Dementia
s96,পায়ের মোজা টা বারবার খুলে যাচ্ছে।,Dementia
s97,আমার এই জামাটা একটু বড় হয়ে গেছে।,Dementia
s98,কম্বলটা সরিয়ে দাও এখন গরম লাগছে ।,Dementia
s99,আগেকার মানুষ এতটা রংবেরঙের কাপড় পরতো না।,Dementia
s100,জামা বানিয়ে নেবো না দোকান থেকে কিনে নেবো বুঝতে পারছিনা।,Dementia
s101,আমার নতুন জামাটা দোকানে ফেলে রেখে চলে এসেছি।,Dementia
s102,"আমার এই জামাটা ময়লা হয়ে গিয়েছে আজকে, ধুয়ে দিও তো।",Dementia
s103,এবার ঈদে মা আর বাবার জন্য নতুন জামা কিনব।,Dementia
s104,তোমার ছোট ছেলেকে স্কুলের পোশাকে তো খুব সুন্দর লাগছে।,Dementia
s105,আমি ঠিক করেছি এবার ঈদে সবাইকে শপিং করে দিব।,Dementia
s106,সামনে পহেলা বৈশাখে আমরা বাসার সবাই পাঞ্জাবি আর শাড়ি পরব।,Dementia
s107,"ঈদের কেনাকাটা আগেই সেরে ফেলবো, পরে ভিড় অনেক বেড়ে যায়।",Dementia
s108,পায়জামার দড়িটা ঠিক ভাবে বাঁধতে পারছি না।,Dementia
s109,"আমার বড় বোন ঈদে একটা শাড়ি চেয়েছিল, কিনতে ভুলে গিয়েছি।",Dementia
s110,"আমার পুরনো চাদরটা বের করে দিও তো, গায়ে দেবো।",Dementia
s111,"আমার চশমাটা দাও, কাপড়ের রংটা বুঝতে পারছি না।",Dementia
s112,"কাপড় গুলো কাচার কথা মনেই থাকে না, আজকে ধুয়ে দেবো।",Dementia
s113,আজ গোসলের পর আমাকে নতুন জামা পরিয়ে দিও।,Dementia
s114,"জামাটা সুন্দর, কিন্তু দামটা একটু বেশি মনে হচ্ছে।",Dementia
s115,বাইরে বের হওয়ার সময় আমার হাতে ঘড়ি পরিয়ে দিও।,Dementia
s116,তুমি এই শাড়িটা পড়ো তোমাকে ভালো লাগবে।,Dementia
s117,"শীত অনেক বেশি লাগছে, সোয়েটার বের করা লাগবে মনে হয়।",Dementia
s118,মোজাটা আবার খুলে গিয়েছে ঠিক করে দাও।,Dementia
s119,জামাটা অনেক পুরনো হলেও আমার পরে বেশ আরাম লাগে।,Dementia
s120,এই জামাটা কোথা থেকে কিনেছিলাম মনে নাই।,Dementia
s121,"জুতাটা পরে আমার পা ব্যথা হয়ে গেল, খুলে দাও।",Dementia
s122,"কাপড়ের ডিজাইন টা এরকম না, আলাদা ছিল মনে হয়।",Dementia
s123,তোমার পোশাকের ধরন আমার খুব একটা ভালো লাগেনি।,Dementia
s124,অনলাইনে কিভাবে জামা কাপড় কিনে আমাকে শিখিয়ে দিও তো।,Dementia
s125,আমার এই রকম কোনো শাড়ি ছিল কিনা মনে নেই।,Dementia
s126,"এই ঈদে শুধু একটা শাড়ি কিনব, আর কিছু না।",Dementia
s127,আমার বিয়েতে আমি একটা বেনারসি শাড়ি পড়েছিলাম।,Dementia
s128,"তুমি আমার সিল্কের শাড়িটা পড়তে পারো, তোমাকে মানাবে।",Dementia
s129,জামার ওড়নাটা আমার অনেক পছন্দ হয়েছে।,Dementia
s130,"নতুন ব্লাউজের সেলাই টা অনেক চাপা, পরতে অসুবিধা হচ্ছে।",Dementia
s131,পুজোয় পরার জন্য লাল সাদার ভেতরে একটা শাড়ি কিনে আনবে।,Dementia
s132,"বয়স হয়ে গিয়েছে, এর জন্য শাড়ি সামলাতে অসুবিধা হয়।",Dementia
s133,শাড়ির কুচি কিভাবে দেয় মনে করতে পারছিনা।,Dementia
s134,"শাড়িটা ভালো করে ধুয়ে রাখো, যেন রঙ নষ্ট না হয়।",Dementia
s135,"ওড়নাটা ঠিকভাবে রাখতে পারছিনা, আগে তো এরকম হতো না।",Dementia
s136,"এই শাড়িটা আমার বিয়ের সময় কিনেছিলাম, এখনো রেখে দিয়েছি।",Dementia
s137,আজ শাড়ি পড়তে গিয়ে আঁচল কিভাবে দেব বুঝতে পারছিলাম না।,Dementia
s138,জামার রং এর নাম মনে করতে পারছি না।,Dementia
s139,বুটিকের ডিজাইন করা একটা কামিজ কিনতে ইচ্ছা করছে।,Dementia
s140,"এই ফ্রকটা অনেক সুন্দর, কিন্তু ঢিলা মনে হচ্ছে।",Dementia
s141,নতুন বাসার রাস্তাটা ভুলে গেছি।,Dementia
s142,"বাড়িটা পরিচিত লাগছে, আগে এসেছি মনে হচ্ছে ",Dementia
s143,"আমার বাড়িটা কোথায়, মনে পড়ছে না।",Dementia
s144,"আমি কোন রুমে থাকি, মনে করতে পারছি না।",Dementia
s145,তুমি কোথায় থাকো ঠিক মাথায় আসছে না।,Dementia
s146,তোমার বাসা কোন এলাকায় বলেছিলে মনে নেই।,Dementia
s147,তুমি ঢাকায় থাকো জানতামই না।,Dementia
s148,আমাকে এখনই বাসায় যেতে হবে।,Dementia
s149,তোমার বাসার ঠিকানা মনে করতে পারছি না।,Dementia
s150,আমার বন্ধুর বাসা কোন জেলায় মনে পড়ছে না।,Dementia
s151,আমি কোথায় চাকরি করতাম মনে নেই।,Dementia
s152,পাশের বাড়ির ডিজাইনটা সুন্দর লাগে।,Dementia
s153,সন্ধ্যার আগেই বাসায় ফিরে আসবে কিন্তু।,Dementia
s154,"অনেক গরম লাগছে, জানালাটা খুলে দাও।",Dementia
s155,এসি টা অন করে দিও তাহলে একটু শান্তি পাই।,Dementia
s156,কারেন্ট না থাকলে ঘরে থাকতে অনেক কষ্ট হয়।,Dementia
s157,ফ্যানের জোরটা একটু বাড়িয়ে দাও।,Dementia
s158,বাড়ির কাজ কবে শেষ হবে কি জানি।,Dementia
s159,"আমাদের বাসার ছাদে যাও, দারুণ বাতাস পাবে।",Dementia
s160,বসার জন্য একটা নতুন সোফা কিনতে হবে।,Dementia
s161,ঘরের ফার্নিচার গুলোর রঙ একদম নষ্ট হয়ে গেছে।,Dementia
s162,সিমেন্টের দাম কমলে বাড়িটা প্লাস্টার করবো ভাবছিলাম।,Dementia
s163,সামনের মাসে ঘরের চালটা ঠিক করতে হবে।,Dementia
s164,ইটের দাম বেড়ে গেলে বাড়িটা এখন বানাতে পারবো না।,Dementia
s165,বর্ষার আগেই বাড়ির কাজ শুরু করতে হবে।,Dementia
s166,রাতে মনে হয় অনেক জোরে বৃষ্টি হয়েছে।,Dementia
s167,বাসা ভাড়া দেওয়ার কথা তো ভুলেই গিয়েছি।,Dementia
s168,বাড়িটা ভাড়া দিলে কিছু লাভ হতো।,Dementia
s169,আমি বাসায় তালা লাগাতে ভুলে গিয়েছি।,Dementia
s170,লোন নিয়ে বাড়ি তৈরির কাজ শুরু করবো।,Dementia
s171,দরজার চাবিটা কোথায় রেখেছি খুজেই পাচ্ছি না।,Dementia
s172,নিজের বাড়িতে থাকা মনে হয় স্বপ্নই থেকে যাবে।,Dementia
s173,আজ সকাল থেকে বাসায় বিদ্যুৎ নেই।,Dementia
s174,ঘরের ফ্যান লাইট বন্ধ করতে মনে নেই।,Dementia
s175,জানলাটা কিভাবে লাগাবো বুঝতে পারছি না।,Dementia
s176,জানালা দিয়ে বাতাস আসছে আমি এখানে কিছুক্ষণ বসে থাকি।,Dementia
s177,এই বাসর প্রত্যেকটা কোনা আমার জানা আছে।,Dementia
s178,বারান্দায় বসার জন্য একটা চেয়ার কিনতে হবে।,Dementia
s179,বসার ঘরের সোফা টা অনেক পুরনো হয়ে গিয়েছে।,Dementia
s180,টেবিলটা আমি সেই আমলে অনেক দাম দিয়ে বানিয়েছিলাম।,Dementia
s181,তখন আমাদের বাসার খাবার টেবিলও ছিল না।,Dementia
s182,গ্যাসের চুলাটা কিনব কিনবো করে কেনা হচ্ছে না।,Dementia
s183,ঝাড়ু কিনে আনতে বলেছিলে ভুলে গিয়েছি।,Dementia
s184,শুনলাম তোমার বাড়ির ছাদ ঢালাই চলছে।,Dementia
s185,বাগানের গাছগুলোতে পানি দেওয়ার কথা মনেই নেই।,Dementia
s186,চাকরি থেকে অবসর নিলে বাড়ির কাজ শুরু করব।,Dementia
s187,কষ্ট করে আয় করছি যেন ভালোমত থাকতে পারি।,Dementia
s188,বিশ্ববিদ্যালয়ের পাশে বাসা ভাড়া অনেক বেশি বলে।,Dementia
s189,আমাদের এলাকাতে বাড়ি ভাড়া তুলনামূলক কম।,Dementia
s190,এই মাসে বিদ্যুতের বিল অনেক বেশি এসেছে।,Dementia
s191,বাড়ি বানাতে ভাবছি ব্যাংক থেকে কিছু লোন নেব।,Dementia
s192,এই মাসের বাড়ি ভাড়া দিতে ভুলে গিয়েছি।,Dementia
s193,সারাদিন পরে বাসায় এসে একটু শান্তি লাগে।,Dementia
s194,তোমরা চারজন মানুষ তোমাদের জন্য তিনটা ঘরই যথেষ্ট।,Dementia
s195,বাড়ি বানিয়ে উপর আর নিচতলা ভাড়া দিয়ে দিব।,Dementia
s196,গতকাল বড় ছেলের বাসায় গিয়েছিলাম।,Dementia
s197,গ্রামের বাসাটা অনেক সুন্দর করে বানিয়েছি।,Dementia
s198,খাবারগুলো বের করে গরম করতে ভুলে গিয়েছি।,Dementia
s199,"চাকরির জন্য শহরে থাকা লাগে, না হলে গ্রামেই আরামদায়ক।",Dementia
s200,আমাদের এলাকায় বাড়ি ভাড়া একটু বেশিই।,Dementia
s201,"ছাদে অনেকগুলো গাছ লাগিয়েছি, দেখলে ভালো লাগবে।",Dementia
s202,বাড়ির পেছনের বাগানটা একদিন গিয়ে দেখে এসো।,Dementia
s203,জানালার সাদা পর্দার জন্য ঘর আলো হয়ে আছে।,Dementia
s204,বাড়ির সামনের মাঠ থেকে বাচ্চাদের একটু ঘুরিয়ে নিয়ে আসো।,Dementia
s205,শুক্রবারে বাসার নিচেই সবকিছুর বাজার বসে।,Dementia
s206,বারান্দায় বসে চা খেতে আমার বেশ ভালো লাগে।,Dementia
s207,এই এলাকাতে বিদ্যুৎ বেশ ঝামেলা করে।,Dementia
s208,গ্রামের বাড়িটাতে একটা এসি লাগালে ভালো হয়।,Dementia
s209,"পাশের বাড়ির বাচ্চাগুলো অনেক ভদ্র, মিশুক।",Dementia
s210,নতুন ফ্ল্যাট কেনার জন্য টাকা জমাচ্ছি।,Dementia
s211,আমি এই স্কুলের শিক্ষক ছিলাম।,Dementia
s212,আমি মনে হয় এই স্কুলে পড়তাম।,Dementia
s213,পড়তে গেলে এখন অনেক কিছুই মনে থাকে না।,Dementia
s214,লেখাটা আমার মনে আসছে না।,Dementia
s215,ছোটবেলার কবিতা গুলো এখন আর মনে রাখতে পারছি না।,Dementia
s216,যখন ছোট ছিলাম তখন লেখাপড়ায় অনেক ভালো ছিলাম।,Dementia
s217,আমরা পায়ে হেঁটে স্কুলে যেতাম।,Dementia
s218,আমাদের সময় লেখাপড়া এত উন্নতই ছিল না।,Dementia
s219,এখন সবকিছু মুখস্ত করে মনে রাখতে পারিনা।,Dementia
s220,কলমটা ধরতে অসুবিধা হচ্ছে কিভাবে লিখব বুঝতে পারছি না।,Dementia
s221,কলেজে পড়ার সময় আমি একবার ফেল করেছিলাম।,Dementia
s222,আমি তোমার কথা বুঝতে পারিনি আরেকবার বললে ভাল হয়।,Dementia
s223,এই বয়সে এসে পড়াশুনার উপর আগ্রহ কমে যাচ্ছে।,Dementia
s224,ছেলেটা পড়াশোনায় অনেক ভালো।,Dementia
s225,এই মেয়েকে সব সময় পড়াশোনা করতে দেখি।,Dementia
s226,আমার স্কুলের নামটা সঠিক মনে নেই।,Dementia
s227,এখন পড়াশোনা অনেক সহজ হয়ে গেছে।,Dementia
s228,এখন লিখতে গেলে হাত কেঁপে অক্ষর গুলো এলোমেলো হয়ে যায়।,Dementia
s229,আমার সূত্রটা মনে পড়ছে না।,Dementia
s230,ক্যালকুলেটর দিয়ে হিসাব করে দিয়ে দাও তো।,Dementia
s231,মনে হচ্ছে সাধারণ হিসাব করতে ভুলে যাচ্ছি।,Dementia
s232,আজকাল শিক্ষার অবস্থা ভালো না।,Dementia
s233,বাংলাদেশের ছেলে মেয়েরা শুধু বিসিএস দেয়ার চিন্তা করে।,Dementia
s234,কালকেই এইটা মুখস্ত করলাম আজকে ভুলে গিয়েছি।,Dementia
s235,আমার পছন্দের গল্পের বইটার নামটা মনে করতে পারছি না।,Dementia
s236,এখনকার শিক্ষকেরা ঠিকমতো দায়িত্ব পালন করে না।,Dementia
s237,এক লাইন দেখে পড়তে যেয়েই হিমশিম খাচ্ছি।,Dementia
s238,বিশ্ববিদ্যালয়ে পড়ার সময় হাত খরচের জন্য টিউশনি করাতাম।,Dementia
s239,এই প্রতিষ্ঠানে লোকেরা ঠিক সময়ে কাজে আসে না।,Dementia
s240,তোমার নিজের ছেলে মেয়ে সমানভাবে দেখা উচিত।,Dementia
s241,পড়ার মাঝখানে কোন বিষয় নিয়ে পড়তেছিলাম সেইটা ভুলে যাই,Dementia
s242,তোমাদের শিক্ষক সৎ না হলে তোমরা ভালো হবে কি করে।,Dementia
s243,নতুন কিছু শিখতে গেলে আনন্দ নিয়ে শিখবে।,Dementia
s244,তুমি বলেছিলে তোমাদের শিক্ষক পড়ানোতে গুরুত্ব দেয় না।,Dementia
s245,অক্ষরগুলো দেখে বুঝতে পারছিনা ঠিক  কি লেখা আছে।,Dementia
s246,ছেলে মেয়ে ভুল করলে মারধর করবে না।,Dementia
s247,আমার এখন আর অত বুদ্ধি নেই।,Dementia
s248,বুঝতে পারছিনা বলেই বারবার জিজ্ঞেস করছি।,Dementia
s249,শুনলাম মেয়েটা নাকি টাকা দিয়ে চাকরি পেয়েছে।,Dementia
s250,ভাই জানে অনেক কিন্তু সুন্দর করে বোঝাতে পারে না।,Dementia
s251,আমি পড়াশোনা করার এত সুযোগ পাইনি।,Dementia
s252,গ্রামের পড়াশোনা শহরের মত এতো মান ভালো না।,Dementia
s253,বইটা দেখে মনে হচ্ছে আগে পড়েছি কিন্তু কিছু মনে আসছে না।,Dementia
s254,এখন পড়াশোনার অনেক খরচ বেড়ে গেছে।,Dementia
s255,"আগের জিনিস মনে পড়ে, কিন্তু এখন কিছুই মনে পড়ছে না।",Dementia
s256,বাচ্চাদের পড়াশোনার জন্য বেশি চাপ দিও না।,Dementia
s257,তুমি শুরুতে কি যে বলেছিলে ভুলে গেছি।,Dementia
s258,"আগে বুদ্ধি অনেক ভাল ছিল, এখনই কিছু মনে রাখতে পারি না।",Dementia
s259,"কি আর বলবো, বই খাতার দাম যা বেড়েছে।",Dementia
s260,আজ তোমাদের স্কুলে নতুন বই দেয়া হবে।,Dementia
s261,এই ছেলেটা সারাদিন কম্পিউটারের সামনে বসে থাকে।,Dementia
s262,"প্রতিদিন পড়াশোনা করতে হবে, ভুলে গেলে চলবে না।",Dementia
s263,শুধু একটা জিনিস নিয়ে পড়ে থেকো না অন্য কিছু শেখো।,Dementia
s264,তোমাদের তো পড়াশোনা পরীক্ষার আগের রাতে শুরু হয়।,Dementia
s265,এই অক্ষরটা কিভাবে লিখতে হয় ভুলে গিয়েছি।,Dementia
s266,মনে রাখার জন্য আমাকে প্রতিদিন একটু  একটু  করে পড়তে হবে।,Dementia
s267,এখন স্কুল-কলেজে কোন পড়াশোনা হয় না।,Dementia
s268,আমার ছোট ছেলে আমাকে অনেক কিছু শেখায়।,Dementia
s269,শুধু পড়াশোনা জানলেই হয় না ভালো ব্যবহার ও জানতে হয়।,Dementia
s270,আমার জানা জিনিস যখন বলতে যায় মাথায় কিছুই আসে না।,Dementia
s271,পারিবারিক শিক্ষার অভাবে মেয়েটার আজ বেহাল অবস্থা।,Dementia
s272,সবার সাথে ভালো ব্যবহার করতে চেষ্টা করবে।,Dementia
s273,সন্তানকে বেশি আদর করতে গিয়ে সঠিক শিক্ষা দিতে ভুলে যাচ্ছেন।,Dementia
s274,আমার মা আমাকে সবকিছু শিখিয়েছেন।,Dementia
s275,ছোট মেয়ে কখন স্কুলে গিয়েছে মনে করতে পারছি না।,Dementia
s276,কোন কিছু দেখতে গেলে বেশিক্ষণ ধৈর্য থাকে না ,Dementia
s277,স্কুলে আমি কি কি করতাম সব ভুলে গিয়েছি।,Dementia
s278,"ভাবছিলাম একটা নোট লিখব, কিন্তু কি লিখব মনে করতে পারছি না",Dementia
s279,কথা বলার মাঝখানেই ভুলে যাই কি বলতেছিলাম।,Dementia
s280,আমি ঠেকা খেয়ে অনেক কিছু শিখেছি।,Dementia
s281,আমি ইদানিং ঔষধ খেতে ভুলে যাচ্ছি।,Dementia
s282,ডাক্তার নিয়মিত চেক আপ করতে বলেছে।,Dementia
s283,আজকে কোন ঔষধ খাওয়ার কথা তা মনে নাই।,Dementia
s284,চোখের দৃষ্টিশক্তি দিনদিন কমে যাচ্ছে।,Dementia
s285,এতগুলো ঔষধ খাওয়ার কারনে আমি আরো দুর্বল হয়ে যাচ্ছি।,Dementia
s286,এই ঔষধটা আমি  অনেক দিন ধরে খাচ্ছি।,Dementia
s287,ওষুধের নামটা কিছুতেই মনে আসছে না।,Dementia
s288,ডাক্তার বলল আরো কিছু টেস্ট করা লাগবে।,Dementia
s289,ডাক্তার দেখানোর পরও শরীর কোন উন্নতি হচ্ছে না।,Dementia
s290,"রাতে ঘুম ঠিকমতো হচ্ছে না, মনে হয় সব ভুলে যাচ্ছি।",Dementia
s291,সিঁড়ি দিয়ে উপরে উঠে নিঃশ্বাস নিতে কষ্ট হচ্ছে।,Dementia
s292,ইদানিং দিন তারিখ মনে রাখতে পারি না।,Dementia
s293,আমার প্রেসক্রিপশন টা দেখে দাও তো।,Dementia
s294,রাতে কি মেডিসিন খেতে হবে ভুলে গিয়েছি।,Dementia
s295,ওষুধ কিনতে কিনতে অতিষ্ঠ হয়ে গিয়েছি।,Dementia
s296,কিছু খাওয়ার পরেই বুকে জ্বালা পোড়া শুরু হয়।,Dementia
s297,এই ওষুধটা সময়মতো না খেলে আমার সমস্যা হয়।,Dementia
s298,"হাত-পা দুর্বল হয়ে যাচ্ছে, কি করলে যে ঠিক হবে।",Dementia
s299,"চশমার পাওয়ারটা পালটানো দরকার, দেখতে সমস্যা হচ্ছে।",Dementia
s300,ডাক্তার ঠিকমতো ওষুধ খেতে বলেছেন।,Dementia
s301,ইদানিং খুব মাথা ঘুরছে ঠিকমতো দাঁড়াতে পারছি না।,Dementia
s302,হসপিটালের নামটা ঠিক মনে করতে পারছি না।,Dementia
s303,ঠান্ডা মাথার ডাক্তার না হলে দেখাতে যাব না।,Dementia
s304,সরকারি হাসপাতালে বিনামূল্যে ওষুধ দেয় জানা ছিল না।,Dementia
s305,এখন ঔষুধেরও দাম অনেক বেড়ে গেছে।,Dementia
s306,ঠিক সময়ে চিকিৎসা করালে রোগটা এত বাড়তো না।,Dementia
s307,দেশের চিকিৎসা ব্যবস্থা আমার খুব একটা পছন্দ না।,Dementia
s308,ডাক্তারটার কথা শুনে মনে হয় খুব একটা বেশি জানেনা।,Dementia
s309,ডাক্তার দেখাতে যাওয়ার কথা ছিল ভুলে গিয়েছি।,Dementia
s310,মেডিসিন গুলোর এক্সপায়ার ডেট দেখে দাও তো।,Dementia
s311,ডাক্তার কি পরামর্শ দিল এখন আর মাথায় আসছে না।,Dementia
s312,রাতে অবশ্যই আমাকে ওষুধ খাওয়ার কথা মনে করিয়ে দিও।,Dementia
s313,আমি কোন কাজই মনোযোগ দিয়ে করতে পারছি না।,Dementia
s314,আমি যে ডাক্তারকে দেখায় ওনার নাম মনে নাই।,Dementia
s315,একটু অসুস্থ হলেই ডাক্তারের কাছে যেতে ভালো লাগেনা।,Dementia
s316,ভাবছি সামনের মাসে চিকিৎসার জন্য দেশের বাইরে যাব।,Dementia
s317,ভালো মানসিক রোগ বিশেষজ্ঞ থাকলে আমাকে জানিও তো।,Dementia
s318,কি সমস্যার জন্য ডাক্তার দেখাতে এসেছি ভুলে গিয়েছি।,Dementia
s319,বেসরকারি হাসপাতালগুলোতে গেলে অনেক টাকা নষ্ট হবে।,Dementia
s320,ডাক্তার এতগুলো টেস্ট কেন দিলো বুঝতে পারছি না।,Dementia
s321,আমার মেয়ের জামাই একজন নামকরা ডাক্তার।,Dementia
s322,মাঝে মাঝে শরীরের যত্ন নিতে মনে থাকে না।,Dementia
s323,শরীরের কোথায় সমস্যা হচ্ছে এটাই বুঝতে পারি না।,Dementia
s324,আজ ডাক্তার দেখাতে গিয়েছিলাম কিনা মনে নেই।,Dementia
s325,আমার মেডিসিন আর সাথে এক গ্লাস পানি এনে দাও।,Dementia
s326,অনলাইনে মেডিসিন কেনে ওইটার নামটা মনে আসছে না।,Dementia
s327,বাবা ওষুধ নিয়ে আসতে বলছিলে ভুলে গিয়েছি।,Dementia
s328,তোমার মায়ের ওষুধ টা পাল্টিয়ে আনবে।,Dementia
s329,ভুলে যাওয়া সমস্যাটার কারণে আমি খুবই বিরক্ত।,Dementia
s330,দোকান থেকে মনে হয় ভুল ওষুধ নিয়ে এসেছি।,Dementia
s331,আমার এইটা রোগ নাকি মানসিক সমস্যা বুঝতে পারছি না।,Dementia
s332,আমাদের দেশের ডাক্তাররাও অনেক অভিজ্ঞ।,Dementia
s333,বেশিরভাগ রোগীরাই ভারতে চিকিৎসার জন্য যায়।,Dementia
s334,ছোট ছেলের কালকে অপারেশন হলো।,Dementia
s335,দেখে মনে হচ্ছে তোমার শরীরের ভালোই উন্নতি হচ্ছে।,Dementia
s336,বিদেশে চিকিৎসা নিতে গেলেই ঠিক হব এমন তো না।,Dementia
s337,ওষুধের নাম গুলো মনে রাখা কঠিন হয়ে পড়েছে।,Dementia
s338,ডাক্তার ঠিকভাবে আমার কোন কথাই শুনলো না।,Dementia
s339,আমাকে প্রত্যেক মাসেই ডাক্তারের কাছে যেতে হয়।,Dementia
s340,ডাক্তার দেখাতে গিয়েছিলাম কিনা মনে পড়ছে না।,Dementia
s341,বাড়ির লোকরাই ওষুধ খাওয়ার কথা মনে করিয়ে দেয়।,Dementia
s342,মনে আসছে না ডাক্তার কি কি করতে বলেছিল।,Dementia
s343,আমি মনে হয় ভুল ওষুধটা খেয়ে ফেলেছি।,Dementia
s344,ডাক্তার কিছু হালকা ব্যায়াম করতে বলেছেন।,Dementia
s345,কাল থেকে সকালে তুমি আমার সাথে হাঁটতে যাবে।,Dementia
s346,প্রতিদিন সকালে আমাকে ৩০ মিনিট করে হাঁটতে হয়।,Dementia
s347,"সকালে হাটতে যেতে মনে ছিল না, বিকালে যাব।",Dementia
s348,আমার প্রেসারটা একটু মেপে দেওয়া লাগবে।,Dementia
s349,"মাথা ঘুরাচ্ছে, মনে হয় প্রেশারটা বেড়ে গিয়েছে।",Dementia
s350,তোমার মাকে ডাক্তারের কাছে নিয়ে যাওয়া লাগতো।,Dementia
s351,"তুমি অনেকদিন পায়েস বানাও না, আজ খেতে ইচ্ছে করছে।",Dementia
s352,"রান্নার ঘ্রান টা অনেক ভালো লাগছে, কিন্তু খেতে মন চাচ্ছে না।",Dementia
s353,মাছের স্বাদটা একটু অন্যরকম মনে হচ্ছে।,Dementia
s354,আমার মুখের স্বাদ দিন দিন নষ্ট হয়ে যাচ্ছে।,Dementia
s355,অফিসের জন্য কিছু ফরমাল শার্ট কিনতে হবে।,Dementia
s356,আমার স্যুটটা কোথায় যে রেখেছি খুঁজে পাচ্ছি না।,Dementia
s357,পূজায় প্রতিবছর পাঞ্জাবি পরি এবারও তাই পরবো।,Dementia
s358,গেঞ্জিটা ভুলে উল্টো করে পরেছি।,Dementia
s359,আমাদের এলাকায় নিরাপত্তা ব্যবস্থা ভালো।,Dementia
s360,যখন ছোট ছিলাম এই বাড়ির ছাদে আমি কবুতর পালতাম।,Dementia
s361,এই ফোনে তোমাদের বাসার ওয়াইফাই কানেক্ট করে দাও তো।,Dementia
s362,এই বাসায় আমার অনেক স্মৃতি জড়িয়ে আছে।,Dementia
s363,আমার বড় ছেলে প্রাইমারি স্কুলের শিক্ষক।,Dementia
s364,তোমার বাচ্চাকে প্রতিদিন পড়তে বসার অভ্যাস করাও।,Dementia
s365,নাতি নাতনিদের পড়াশুনা আগে আমিই হব দেখিয়ে দিতাম।,Dementia
s366,বইয়ের লেখা পড়তে আমার ইদানিং কষ্ট হয়।,Dementia
s367,হাসপাতাল থেকে রিপোর্টগুলো আনার কথা মনে নেই।,Dementia
s368,সকালের ওষুধ ভুল করে রাতে খেয়ে ফেলেছি।,Dementia
s369,ভুলে যাওয়া স্বভাবের কারণে মানসিক চাপে থাকি।,Dementia
s370,কোন ওষুধ টা বাদ দিতে বলেছে বুঝতে পারছি না।,Dementia
